{
    "metadataVersion": "1.0",
    "id": "sap.viz.ext.customchoropleth",
    "name": "Custom Choropleth",
    "description": "A custom choropleth map extension for SAP Lumira.",
    "version": "1.1.0",
    "vendor": {
        "name": "Michal Korzen, SAP Poland",
        "url": "http://scn.sap.com/people/michal.korzen"
    },
    "requires": [
        {
            "id": "sap.viz.common.core",
            "version": "5.10.2"
        }
    ],
    "bundles": [
        {
            "id": "sap.viz.ext.customchoropleth",
            "version": "1.0.0"
        }
    ]
}